[
  {
    "name": "Wチーズのピザランチ",
    "desc": "ピザ生地にクリームチーズととろけるチーズを乗せて焼き上げたピザです。",
    "price": "880",
    "annotation": "1",
    "image": "images/lunch1.jpg"
  },
  {
    "name": "トマトとチーズのピザランチ",
    "desc": "新鮮なトマトを、たっぷり敷き詰めた上にチーズを乗せて焼き上げたピザです。",
    "price": "880",
    "annotation": "1",
    "image": "images/lunch2.jpg"
  }
]
